,accuracy,precision,recall,f1,kapppa,set,modelo
0,0.9882121807465619,0.0,0.0,0.0,0.0,test,Regresi贸n logistica Esta
1,0.9857110962268364,0.0,0.0,0.0,0.0,train,Regresi贸n logistica Esta
0,0.8997931212826481,0.8651844843897823,0.9469324359306238,0.9042145593869731,0.799605593611237,test,Regresi贸n logistica
1,0.8950345897717722,0.8581809657759025,0.94654514898843,0.9001997848470878,0.7900635737056314,train,Regresi贸n logistica
