,MAE,MSE,RMSE,R2,set,modelo
0,2536.9547898687524,22152738.66925349,4706.669594230457,0.5881813418863696,test,Random Forest - datos originales
1,2282.45329856607,16213519.554741962,4026.601489437707,0.6879110321991645,train,Random Forest - datos originales
0,0.07718416928924435,0.019695507533274797,0.1403406838136212,0.5927485536059601,test,Random Forest -datos normalizados
1,0.06895602280943361,0.01446456732475632,0.12026872962144533,0.6903126767588386,train,Random Forest -datos normalizados
