,MAE,MSE,RMSE,R2,set,modelo
0,0.1059932925345864,0.04283196734307547,0.20695885422729676,0.11434723766829302,test,Dec. tree Estand_Normal_Codi- I
1,0.00102392361502149,0.00024548328916171156,0.01566790634263913,0.9947441868799759,train,Dec. tree Estand_Normal_Codi- I
0,0.07890314446590689,0.020247379044162628,0.14229328530947138,0.5813372979857114,test, Dec. tree Estand_Normal_Codi- II
1,0.06812843477538612,0.0146982366747892,0.12123628448112883,0.6853098008407092,train, Dec. tree Estand_Normal_Codi- II
